website,BPCE,2017-03-09,Forum 60 millions de consommateurs  Consulter le sujet - H.S. avril 2017 : Entretenir sa maison au naturel Entretenir sa maison au naturel 2017L'édition 2017 vient de paraître H.S N° 188 - avril 2017
website,BPCE,2017-05-22,Cool
website,BPCE,2017-06-08,nice 
website,BPCE,2017-06-15,Ça c'est top !
website,BPCE,2017-09-15,Bonjour; merci de m'avoir reçu dans ce forum ;j'aimerai partager avec vous le secret que j'ai découvert sur internet ;j'ai découvert que je pouvais trouver les conseils consternant tous les sujets qui me préoccupais un secret dans des livres de ce genre : http://boutic.business01se.1tpe.fr c'était merveilleux quand je l'ai appris.Merci d'y faire un tour ça vous aidera très certainement
website,BPCE,2016-04-12,Forum 60 millions de consommateurs  Consulter le sujet - 60 Millions d'avril 2016 : dossier crédit immobilier Lisez notre dossier Crédit immobilier : achetez; c’est le moment ou jamais !Vous pourrez y trouver nos comparatifs : pour décrocher le meilleur crédit ainsi que celui sur l'assurance emprunteur.numéro 514 d'avril 2016 http://www.60millions-mag.com/kiosque/allergies-tous-menaces
website,BPCE,2016-02-03,Forum 60 millions de consommateurs  Consulter le sujet - Les tarifs bancaires les plus scandaleux Vous pouvez lire à ce propos l'article que nous avons publié sur les tarifs bancaires les plus scandaleux dans le numéro 512 de février 2016http://www.60millions-mag.com/kiosque/lessives-eviter-les-allergies ainsi que l'article paru sur le site de 60 http://www.60millions-mag.com/2016/02/01/decouverts-vous-saurez-quelle-sauce-vous-serez-mange-10116
website,BPCE,2016-03-31,bonjouron m'a fait payer 2 euros après une bataille de 2 mois à la BNP parce que je refuse "esprit libre"!!et que je ne reçois pas les relevés papiers et la conseillère m'a dit "si vous n’êtes pas contente allez-vous-en!!au bout de 20 ans!!j'ai accepté mais là je ne veux pas laisser ce que je considère comme une ****.cela fait des années qu'on me prélève 46 euros pour ma carte bancaire et comme maintenant je surveille !!j'ai vu dans les cgv qu'elle était à44.5 euros j’ai réclamé pendant 2 mois 1/2 et ils viennent de me rétrocéder 1eur.5 et là est le scandale car la banque a 6 millions ;9 clients x par 1.5 cela fait 10;350;000 millions pas mal!!non qu'en pensez-vous?Cordialement 
website,BPCE,2016-11-01,Ma banque ma fait payer 13 euros par feuille pour avoir mes relève bancaire; avec leur excuse de plus les envoyer par Courier ils se font encore de l'argent sur notre dos. 
website,BPCE,2017-02-13,Bonjour;ma banque me fera payer un max quand je serai mort.... avec les frais de dossier de succession.Combien y a t'il de "Banques Vautours" qui s'en prennent aux morts; comme les charognards; au tarif de 360€ ou plus???Cordialement; Nanardin
website,BPCE,2017-04-17,Je viens de prendre 105 euro de frais d ATD .c une honte ; les banques j enrichissent sur les pauvres surtout la caisse d epargne .le peuples devraient se soulever envers ses banques qui gouverne le monde .
website,BPCE,2017-04-29,Je suis depuis environ 10 ans chez LCL. Avec mon mari nous avons fait racheter notre crédit immobilier par cette banque en 2015. Depuis ses services de sont dégradés. Petite assurance vie qui m'a fait perdre de l'argent. Carte bancaire peu cher remplacer par une autre plus de 10 euro plus cher pour la même utilisation. Frais de découvert sur découvert imaginaire. Et ce qui me fait hurler le plus des frais de tenue de compte sur mon petit salaire. La banque me facture des frais de tenue de compte car j'ai un salaire inférieur à 800 euro.    Mon mari lui n'en paie pas. J'ai toujours refusé ses frais ; je leur avais envoyé un courrier pour les refuser; ils s'en moquent. Mais faire payer les pauvres pour le même service je trouve cela plus que scandaleux .   Je suis à la recherche d'une banque plus attractif pour mon petit salaire.
website,BPCE,2017-05-22,[Bonjour; la Caisse d'Epargne me facture des frais bancaires titanesques après un gros découvert sur le compte; le compte est positif depuis bientôt deux mois; ma carte bancaire est toujours bloquée et on me facture des frais à chaque prélèvements; je n'arrive pas à obtenir un rendez-vous avec un conseiller; ces agissements sont vraiment honteux!!!
website,BPCE,2017-09-07,Bonjour;Journaliste pour le magazine Complément d'enquête sur France 2; je cherche à joindre des clients de banques qui subissent des frais bancaires importants; liés à des découverts dépassés; des avis à tiers détenteurs et autres rejets de virement... Vous pouvez entrer en contact avec moi en m'adressant quelques lignes sur cette adresse mail : jean-karl.lambert@francetv.frMerci d'avance.
website,BPCE,2015-11-05,Forum 60 millions de consommateurs  Consulter le sujet - Marre de votre banquier ? Changez-en ! Vous trouvez que votre banque vous ponctionne trop de frais ou bien vous êtes en désaccord avec elle. Le moment est peut-être venu d’en changer. Attention; cette décision se réfléchit et demande une bonne organisation pour ne pas perdre d’argent.Lisez notre dossier : http://www.60millions-mag.com/vos_droits/conseils_d_experts/marre_de_votre_banquier_nbsp_changez_en_nbspVous trouverez aussi de précieux conseils sur les banques en ligne; les banques les moins voraces dans ces articles parus sur les mensuels dont les liens suivent.http://www.60millions-mag.com/kiosque/mensuels/produits_minceur_nbsp_vraies_et_fausses_promesseshttp://www.60millions-mag.com/kiosque/mensuels/cigarette_electronique_vapoter_sans_risques_en_2015/changer_de_banque_en_toute_tranquillitehttp://www.60millions-mag.com/actualites/articles/quelle_est_la_banque_la_moins_voracehttp://www.60millions-mag.com/kiosque/hors_series/epargnez_malinVous voulez savoir comment épargner; niveaux de risque; rendement; disponibilité; fiscalité… 60 Millions vous aide à bien placer votre argent. En bonus : les clés pour plumer votre banquier.Les réponses dans le hors-série Epargnez malin.
website,BPCE,2016-01-20,bonjour;En effet; le choix des banques est assez difficile.Les conseillers changent tout le temps chez credit agricole nordJe suis au crédit agricole nord de la Bassée; je paie un service csca performance de 97;80 euros par an etla cart golwin dd soc à débit différé à 84;60 euros - le bonus de 17;60 euros soit 67 euros la cart goldwin d'où un total de 164;80 par anDe plus; je ne sais pas ce que regroupe le service CSCA performance !Je ne sais même pas si les autres banques font payer ce genre de service et à quel prix.Auriez vous un comparatif de ce genre de services par banque et le prix ?mercicdlt
website,BPCE,2016-04-12,Avez-vous un site qui permet de comparer les frais bancaire ou quelques choses comme ça?
website,BPCE,2016-04-12,Bonjour Antoine.R;Vous pouvez lire sur le site de 60 Millions l'article consacré aux frais bancaires : http://www.60millions-mag.com/2016/02/01/decouverts-vous-saurez-quelle-sauce-vous-serez-mange-10116 ainsi qu'un florilège des tarifs les plus scandaleux des  principaux établissements bancaires dans notre numéro de février 2016 (n° 513) http://www.60millions-mag.com/kiosque/lessives-eviter-les-allergies.Vous pouvez également lire notre dossier exclusif "Comment plumer votre banquier" dans le hors-série "Epargnez malin" http://www.60millions-mag.com/kiosque/epargnez-malinBonne lecture
website,BPCE,2017-01-12,Bonjour;Je souhaite réagir au dossier suivant en vous faisant part de mon expérience de changement de banque :http://www.60millions-mag.com/vos_droits/conseils_d_experts/marre_de_votre_banquier_nbsp_changez_en_nbspEn effet; il faudrait je pense compléter ce dossier en parlant de la résiliation de la carte bancaire qu'engendre la clôture d'un compte; et le fait que avec cette résiliation on perd toutes les garanties liées aux différents paiements effectués avant la résiliation. Je m'explique; si vous achetez des billets d'avion en janvier pour un voyage en septembre; mais qu'avant septembre vous décidiez de changer de banque; si vous résiliez la carte qui a payé les billets; vous ne bénéficiez plus des garanties "voyage" alors que vous avez bien payé avec cette carte !!!Voici ce qui dans mon cas est en train de se passer :Je me suis interrogé lorsque j'ai dû envisager de résilier ma carte bancaire lors d'un changement de banque; sur les conséquences que cela aurait sur les garanties liées à un paiement  avec ma carte Mastercard Gold du Crédit Mutuel en novembre 2016 d'un voyage (billets d'avion + hébergement) prévu en avril 2017.Et voici les informations que j'ai obtenue en contactant les différents assureurs du Crédit Mutuel et du Crédit agricole ...Selon l'assureur du Crédit Mutuel; si je souscris une carte Mastercard Gold auprès du Crédit Agricole; et qu'ensuite je résilie ma carte du Crédit Mutuel; les garanties liées au paiement du voyage sont maintenues avec la nouvelle carte du Crédit Agricole à condition que celle-ci soit une Mastercard Gold. On me conseille alors de vérifier ce point auprès du Crédit Agricole; ce que je fais car je suis tout de même surpris de ce "transfert" de garanties.Selon l'assureur du Crédit agricole; les garanties ne sont pas maintenues puisque le paiement n'a pas été effectué avec une carte du Crédit Agricole; toutefois si une partie du voyage (billets d'avion ou hébergement) est payé avec la carte du Crédit Agricole alors les garanties liées à ce paiement s'appliquent pour tout le voyage. Sauf que dans mon cas; le voyage a déjà été payé dans son intégralité avec ma carte du Crédit Mutuel. Par contre l'assureur du Crédit Agricole m'a indiqué que lorsque une personne résiliait une carte du Crédit Agricole; les garanties liées à un paiement (d'un voyage) effectué avant la résiliation de la carte étaient maintenues par l'assureur du Crédit Agricole jusqu'à ce que le voyage soit révolu ! Cela me parait bien plus logique en fait ...J'ai donc rappelé l'assureur du Crédit Mutuel pour demander si c'était faisable aussi au Crédit Mutuel; la réponse a été négative et donc je me retrouve dans une situation totalement absurde.L'assureur du Crédit Mutuel me conseille de garder ma carte du Crédit Mutuel mais d'éviter de faire des paiements pouvant bénéficier des garanties liées à la carte (en gros presque tous les paiements). Ce qui m'oblige donc si je veux pouvoir payé un nouveau voyage; ou même un produit quelconque pouvant bénéficier des garanties d'une carte Mastercard Gold; à souscrire une nouvelle carte auprès du Crédit Agricole en plus de celle du Crédit Mutuel. De fait; je dois donc garder un bout de plastique que je paye 129€ dans mon portefeuille si je veux pouvoir bénéficier des garanties d'un paiement effectué en novembre 2016 pour une prestation que je n'aurai pas avant avril 2017 ! Tout simplement aberrant ...C'est pourquoi je reviens vers vous afin que l'on voit s'il n'est pas possible de trouver une solution à cette situation !J'avais pensé à ces différentes possibilités dans la mesure de ce que vous pouvez bien sûr accepter :Ce que je conclue pour le moment de tout ça; c'est que l'on se sent pris en otage par ce système qui veut qu'un contrat d'assurance est lié à une carte bancaire et non au produit qui a été acheté; obligeant les personnes; soit à abandonner les garanties auxquelles elles ont droit de par leur utilisation d'une carte bancaire qu'ils avaient payé au moment de l'achat; soit à conserver un carte bancaire en continuant de la payer mais en évitant de s'en servir pour ne pas reporter encore plus la date de fin des garanties liées à cette carte !!!Je trouve aussi surprenant que l'on ne soit pas informé de tout ce fonctionnement lorsque l'on change de banque; car je suppose que beaucoup de personnes se retrouvent sans assurance sur des produits qu'ils ont acheté avant la résiliation; sans le savoir !!!Je ne sais pas ce que vous en pensez mais je trouve que tout ceci va une fois de plus à l'encontre de la transparence et de l'honnêteté envers les consommateurs; qui comme d'habitude se retrouvent floués par un système opaque !Je suis intéressé par toute réaction ou information sur ce sujet; car il est possible aussi que les informations que j'ai eu soient inexactes; et que je m'interroge pour rien !A vous lire ...Thierry.
website,BPCE,2017-01-18,Pourquoi ne pas contacter directement le siège de MasterCard France ? D'autant que vous êtes détenteur d'une carte Gold Mastercard donc le service devrait être de qualité "Gold".
website,BPCE,2017-01-23,Bonjour;J'ai contacté en premier lieu Mastercard France; et ceux-ci m'ont indiqué que les garanties liées à une carte bancaire ne sont pas gérées par le fabricant de la carte mais par la banque qui propose cette carte via son assureur !C'est pourquoi j'ai ensuite contacté les différents assureurs des banques en question !Pour faire suite à mon affaire; le Crédit Mutuel ne veut rien savoir et je dois donc conserver ma carte Mastercard Gold jusqu'à ce que mon voyage soit passé ! J'ai pris en parallèle une carte classique au Crédit Agricole; afin de pouvoir gérer le quotidien et ne plus utiliser la Gold du Crédit Mutuel !Au final; j'ai créé un compte chez Boursorama Banque afin d'avoir une carte Gold "gratuite"; et ainsi pouvoir payer des éventuels voyages futurs en bénéficiant des garanties associées !A vous lire ...Thierry.
website,BPCE,2017-09-20,Forum 60 millions de consommateurs  Consulter le sujet - opposition chèque Bonjour;J'ai envoyé un chèque (salaire) à ma banque par la poste. Au bout de 15 jours; le chèque n'étant toujours pas arrivé; mon employeur a fait opposition. Le même jour que cette opposition le chèque est enfin arrivé et a été encaissé à ma banque  Ma banque (crédit agricole) m'a alors conseillé de demander à mon employeur de lever l'opposition. Ce qu'il a fait dans la foulée. Mais ce matin; surprise le chèque a été rejeté et débité de mon compteQuoi faire? Sera t’il à nouveau encaissé puisqu'il y a eu levé d'opposition ou faut il que mon employeur en refasse un. Ma banque dit qu'elle n' y est pour rien; que c'est la Banque de France qui à rejeté ce chèque.Merci de vos conseils
website,BPCE,2017-09-20,BonjourTout est possible avec les " conseillers" bancaires.Il est possible que l'opposition n'avait pas encore été levée en informatique lorsque le chèque a été présenté à l'encaissement...la banque de France a bon dos !Le mieux est que le chèque soit représenté à l'encaissement et....que la banque assume ses insuffisances.Cordialement
website,BPCE,2017-09-20,Qu'est ce que vous appelez "représenté à l'encaissement"? Un nouveau chèque de l'employeur;
website,BPCE,2017-09-20,olivias a écrit :Qu'est ce que vous appelez "représenté à l'encaissement"? Un nouveau chèque de l'employeur;Non; dans un premier temps l'opposition étant ( semble-t-il ) levée la banque doit pouvoir récréditer le chèque sur votre compte...enfin; en principe.Si l'opération semble trop compliquée pour la banque ( ou blocage du fait du numéro du chèque opposé par exemple) le mieux est que votre employeur récupère son chèque et qu'il en émette un nouveau.Mais; malheureusement un incident minime pour devenir difficile à régler.
website,BPCE,2017-09-20,Forum 60 millions de consommateurs  Consulter le sujet - INTRUM JUSTITIA DEBT SOCIETE RECOUVREMENT SIEGE EN SUISSE Bonjour la société INTRUM JUSTITIA DEBT FINANCE AG; donc le siège social est à zug en suisse ; me réclame une dette  qui date depuis plus de 12 ans  ; hors ce temps la vu que montant était de 2000 euro ; la société cofidis pour si peu n aller pas au tribunal d instance pour avoir un titre exécutoire; cette dette a était souscrite à Antibes dans le 06 ( 2 ans à partir de la dernier traite non payé ) après sans titre exécutoire la dette est caducs . donc cofidis  a vendu ma dette a une maison de recouvrement;  il y 9 on m appelle chez moi  ils me disent  que je dois au tel montant ; je demande si c est une maison de recouvrement ; il me réponds oui ; il m indique ou je travail ou j habite ; ok je lui réponse sans titre exécutoire il ne peut rien faire ; je lui est dit de alors de faire une saisie sur mon compte ;et me répond que je suis un mauvais client et depuis plus de nouvelles .Et en  aout 2017  ma dette à était racheter dans lot; par cette  société INTRUM JUSTITIA DEBT FINANCE AG; donc le siège social est à zug en suisse ; elle fait appel en premier S.E.L.A.S MARCOTTE-RUFFIN ET ASSOCIES Huissiers de justice 62225 calais  cedex  ; en savant que j habite dans le 06 je donne pas de nouvelles ; et la je reçois la visite le 15 septembre 2017 par un clerc assermenté société civile professionnelle ; 1 rue du châtaignier 06400 cannes Jérôme  laleure  huissier de justice il donne une copie et non l original il n y pas de titre exécutoire mais une référence bidon ;toujours par cette   société INTRUM JUSTITIA DEBT FINANCE AG; donc le siège social est à zug en suisse ; comment monter un dossier pour harcèlement ; faux acte de l huissier   ; et la   société INTRUM JUSTITIA DEBT FINANCE AG; donc le siège social est à zug en suisse ; merci d avance pour la réponse
website,BPCE,2017-04-26,Forum 60 millions de consommateurs  Consulter le sujet - ABUS A LA CARTE CZAM de Carrefour Après avoir vu des publicités sur la TV nationale; j'ai donc été acheté un coffret CZAM de 5 euros chez Carrefour. Il parait que le compte s'ouvre en 10 minutes; chouette je me suis dit; enfin un truc sans prise de tête. C'était sans compter sur la mauvaise fois de cette société "Carrefour" qui se moque de nous depuis des décennies.Le coffret en main; on me demande de scanner ma carte d'identité (normal) puis ensuite un justificatif de domicile (normal). Les problèmes arrivent... la dernière pièce EDF est refusée; le prénom ne correspond pas à la carte d'identité (ce sont exactement les mêmes); après plusieurs essais; le compte est bloqué. Pas d'autres solutions que d'appeler le numéro 0806.... pour me faire aider. Là on m'explique que si le prénom est "Pierre; Jacques" sur la carte d'identité; il doit être rigoureusement le même sur le justificatif EDF ou autres... et surtout dans le même ordre. C'est là que ça coince: EDF ou l'EAU ont mis ce qu'ils voulaient bien mettre soit un seul parmi les prénoms cités ou bien dans le désordre. Comme le compte est bloqué; on me dit que l'on va me faire une ouverture manuelle. Il me faut donc prendre mon dernier relevé d'imposition sur le revenu; je m'exécute et là on me dit que c'est bon et que maintenant le dossier doit être étudié par un service spécialisé et qu'au bout de 48 heures; j'aurai une réponse par mail; mais que surtout il ne faut pas que je me reconnecte entre temps. Bon; je suis patient j'attends. Mais pour une carte prépayée comme le Compte Nickel c'est un casse-tête chinois. Une semaine se passe et aucune nouvelle. J'écris au service client qui me répond que si je ne me connecte pas sur mon compte je ne pourrai pas finaliser mon ouverture. Tiens maintenant il faut que je me connecte... je croyais qu'il fallait surtout que j'attende le feu vert du service client. Bon; je m'exécute; mais le compte web est bloqué. Je passe donc par l'application smartphone et là on me redemande de scanner comme la première fois toutes les pièces justificatives qui ne passaient pas; car souvenez-vous ils ne prennent que le premier prénom et il faut que tous correspondent dans l'ordre avec les justificatifs par rapport à la carte d'identité. Bon  là; ma patience à des limites pour 5 euros...Je m'énerve courtoisement et je demande le remboursement des 5 euros pour la forme; ils veulent bien résilier mon compte (délai de rétractation); mais ne me rembourseront pas. Quel délai de rétractation d'ailleurs puisque le compte n'est pas ouvert.Voilà où j'en suis; je vais donc mettre le coffret à la poubelle faire une croix sur mes 5 euros; bof; car il n'y a plus de solution.Si Carrefour fait ça à des milliers de personnes voulant ouvrir un compte et qu'ils ne remboursent pas; c'est du vol aggravé tout simplement. Je conseille aux personnes qui ont été lésées et abusées comme moi de me contacter pour une action de groupe.Voilà le message que j'avais mis sur Google Play à l'attention du service CZAM et en m'adressant à eux; en le condensant au maximum; car on est limité en caractères; pour prévenir les éventuels acheteurs du coffret CZAM.Bonne lecture et pour la carte CZAM; un conseil; passez votre chemin; il y a bien d'autres sociétés largement plus sérieuses que Carrefour; faites une recherche sur Google en évitant Veritas; Compte Nickel et Czam. A bientôt pour de nouvelles aventures...===Enreg CNI & Facture=NUL. S'il y a plusieurs prénoms sur la carte d'identité; c'est fait pour choisir celui qui nous convient d'après le souhait de nos parents. Nombre de fournisseurs d'énergie mettent le prénom qui vous convient sur leur facture ou le choisisse eux-mêmes. Hors si le prénom de la facture ne correspond pas au PREMIER prénom de la CNI; vous refusez l'ouverture de compte en bloquant l'accès par des messages d'erreurs idiots. Modifiez votre log & votre coffret ne finira pas à la poubelle & votre pub ne s'en trouvera pas impactée. Le log devrait prendre les prénoms de la CNI dans le désordre; si la CNI accepte plusieurs prénoms c'est également fait pour ça. Ensuite le fait d'analyser les documents fournis dans les 48 heures n'est pas du tout correct; car ce n'est pas une ouverture en 10 minutes. Il faudrait prévenir avant l'achat du coffret; car si refus pour une raison X ou Y qui va rembourser les 5 euros? Une campagne de démarrage ratée peut influencer & détruire la réputation de CZAM. Le fait d'avancer que vous êtes aussi une banque n'est pas un plus; on voit ce qu'il se passe avec Compte Nickel racheté récemment par BNP Paribas.
website,BPCE,2017-06-12,Bonsoir;J'ai acheté le Pac C-ZAM de carrefour et depuis 3 jours il m'est impossible d'ouvrir le compte malgré le respect de toutes les étapes obligatoires exigées dans l'application. C'est une publicité mensongère sans vergogne quant on sait que l'argument choc "est l'ouverture du compte en 10mn". Le service client n'a aucune explication valable que de vous demander de recommencer. Jusqu'à quand???SALS
website,BPCE,2017-06-15,Bonjour; Je vois passer de plus en plsu de messages comme les votres; qui me refroidissent beaucoup... Scast; vous parlez de Compte Nickel et Veritas; vous avez testé vous-même ? J'ai aussi entendu parler d'Anytime sur ce site; mais c'est tout de même beaucoup plus cher que C-zam (27€/an; contre 12€ chez C-zam). Il y a aussi beaucoup de frais de retraits ou quand on veut charger la carte...
website,BPCE,2017-09-19,Bonjour LDeslee; merci pour cette mention. Nos tarifs sont clairs; sans engagement; ni conditions. 27€ / an est en effet la tarification pour les particuliers. Nous vous invitons à regarder nos tarifs dans le détail: tout est simple! Belle journée.
website,BPCE,2017-09-18,Forum 60 millions de consommateurs  Consulter le sujet - Crédit Cetelem délais abusifs Bonjour;Je viens vers vous ce jour afin d'obtenir quelques informations sur un crédit souscrit chez Cetelem.J'ai acheté un véhicule d'occasion chez Volkswagen le 26/08/2017; avec un acompte de 500€ avec une promesse de livraison une semaine après soit le 02/09.J'ai souscrit un crédit de 10000€ chez Cetelem qui m'indique livrer les fonds 8 jours après la signature du contrat (éléctronique).Bien entendu; nous sommes le 18/09 et je n'ai toujours rien reçu; ni appel; ni fonds. Entre temps j'ai pu me débrouiller pour acheter mon véhicule comptant vu que les fonds n'arrivaient pas; la vente allait être annulée.J'ai appelé au moins 10 fois; chaque fois le même discours; j'ai l'impression de discuter avec des robots: "Le dossier est en cours d'étude blablabla; il faut compter 10 jours ouvrés pour l'étude du dossier; blablabla".Bref; plus de  3 semaines après signature; toujours rien. N'y a t'il pas possibilité d'annuler le crédit après un délai abusif ? Si ils me répondent dans 3 mois le crédit sera considéré comme valide ?J'ai comme l'impression qu'ils se fichent un peu de moi; et je ne peux absolument rien faire car le délai de rétractation de 14 jours est dépassé.Merci d'avance pour votre aide.
website,BPCE,2017-09-19,Bonjour Lyx1337; Je me présente ; je suis Virginie de l'équipe Cetelem en charge de la relation client sur ce forum.Je viens de lire votre témoignage concernant votre demande de crédit auto. J'aurais besoin de consulter votre dossier de crédit afin de trouver une solution favorable à votre situation. Pourriez-vous me transmettre; par messagerie privée; vos coordonnées - prénom; nom; date de naissance et numéro de téléphone ? Nous vous répondrons dans dans la journée. Virginie de l’équipe Cetelem
website,BPCE,2017-09-19,Bonjour;c'est fait; je compte sur vous pour revenir vers moi enfin avec des infos et pas avec le classique : "votre dossier est en cours d'étude..." car il est en cours d'étude depuis 3 semaines.Merci
website,BPCE,2017-09-19,Forum 60 millions de consommateurs  Consulter le sujet - Mandater pour une demande à la banque Bonjour;Voici ma demande.J'ai envoyé à la banque de mon frère une demande de remboursement de frais bancaire; en son nom. Celui-ci n'a pas le temps de s'en occuper.Bien évidemment; le banquier fait le mort...alors je me permet de le contacter. Il refuse de me parler ( je m'y attendait) et me dit qu'il recontactera directement mon frère; ce qu'il ne fait pas et ne fera jamais! Alors voila; sans mettre en place de procuration sur le compte de mon frère; je voulais savoir s'il est possible de lui faire signer un mandat pour gérer uniquement cette demande; et faire en sorte que la banque soit obligé de me répondre à moi directement.Je vous remercie.
website,BPCE,2017-08-14,Forum 60 millions de consommateurs  Consulter le sujet - Refus de prise en charge?? Bonjour;Je suis actuellement en arrêt maladie depuis le 16/10/2016 suite à une unco-discarthrose.   La cause de cette maladie est due aux ports de charges lourdes et de mouvements répétitifs à mon travail depuis presque 14 ans; (date d'entrée dans l'entreprise 01/10/2003). Pour info; je vais subir une opération au mois de Septembre 2017 de l'hernie discale cervicale. La CPAM m'a dit que j'étais en ALD (affection longue durée); pourriez-vous me dire la différence entre une ALD (affection longue durée) et une ITT ( invalidité temporaire totale de travail)?  Je vous demande cela; car j'ai un souci avec une maison de crédit qui a refusé ma demande de prise en charge de mes crédits suite à mon arrêt maladie. elle m'a dit que dans leur contrat d'assurance il est spécifié que les maladies liées aux cervicales ne sont pas couvertes; hors dans leur contrat d'assurance les maladies liées aux cervicales sont spécifiées dans la rubrique " arrêts maladies en ITT; IPT...."; et dans la rubrique "maladies et accidents du travail" ce n'est pas écrit qu'ils ne couvrent pas les maladies liées aux cervicales. Je suis actuellement entrain de faire une demande de maladie professionnelle auprès de la CPAM; celle-ci m'a envoyé il y a une semaine un document à remplir sur les causes de ma pathologie; ainsi qu'une feuille d'accident du travail ou de maladie professionnelle" accompagnée d'une feuille "récapitulatifs de soins et fournitures" à faire attester à chaque fois que je vais voir un praticien (médecin; chirurgien; pharmacie...); je ne comprend pas pourquoi elle m'a adressé ces deux derniers documents car je n'ai fait aucune déclaration d'accident du travail auprès de mon employeur; car ma maladie s'est déclenchée dans la durée des 14 ans de travail de ports de charges lourdes et de mouvements répétitifs; je n'ai pas jugé utile de faire une déclaration? Aurais-je du?  Suite à ces documents suis-je en accident du travail ou est-ce seulement en rapport à ma demande de maladie professionnelle? Je vais aller voir la CPAM; mais j'aimerais avoir des renseignements concernant mon problème maintenant; c'est pour cela que je me permet de vous solliciter.  Quel recours ais-je par rapport à la maison de crédit pour qu'elle accepte de prendre en charge mes crédits. Que dois-je faire?  En vous remerciant par avance pour vos réponses  CordialementFern
website,BPCE,2017-08-15,Bonjour Fern;Selon moi; il  ne s'agit pas d'un accident de travail mais d'une maladie professionnelle.L'ITT qui signifie « Incapacité Temporaire et Totale» du travail est considérée lorsque l'assuré est totalement dans l'impossibilité d'exercer son activité pendant une période temporaire mais sans interruption.Toutefois; vous devez avoir une franchise qui est généralement de 90 jours ; c'est donc au delà de ce délai que vos échéances devraient être prise en charge par l'assureur si vous êtes toujours en arrêt de travail par maladie.L'IPT qui signifie « Invalidité permanente et totale » est considérée lorsque l'assuré ne peut plus occuper une quelconque activité (y compris autre que votre profession) lui rapportant gains ou profits et que la maladie lorsqu'elle est stabilisée atteint un taux d'invalidité supérieur à 66 %.Bon courage !Cordialement.
website,BPCE,2017-09-18,Où en es-tu Fern 
website,BPCE,2017-09-18,Forum 60 millions de consommateurs  Consulter le sujet - Pièce d'identité pour retrait Bonjour à tous; Je souhaite savoir quelles étaient les pièces d'identité valables pour faire un retrait au guichet de notre banque; mais une autre agence... Principalement au Crédit du Nord...Je vous remercie d'avance 
website,BPCE,2017-09-18,Bonjour;Une pièce d'identité en cours de validité (carte d'identité ou passeport) ET un document prouvant que vous êtes le titulaire du compte en question (chéquier ou contrat) . Un relevé de compte n'étant pas valable .Cordialement .
website,BPCE,2017-09-18,Forum 60 millions de consommateurs  Consulter le sujet - ACM oubli qu'ils sont une assurance J'ai demandé a mon assurance juridique; l'ouverture d'un dossier.Lors d'un précédent litige; je n'étais pas satisfait de leur avocat.J'ai demandé la prise en charge des frais d'une personne qualifié par la législation en l’occurrence un juriste (allemand) d'une association. Litige en Allemagne.J'ai eu un refus des acm; "que seul les honoraires (avocat) frais de justice sont prises en charge."Le fait de demander a une association de me défendre n'est pas couvert par mon contrat" (réponse ACM)Or l'article 127.3 dit le contraire.Après plusieurs démarches amiable; la personne s'occupant du dossier; suite (entretien téléphonique) a mes dires "qu'ils sont des mauvais payeurs"; m'indique que je coute cher; et que le précédent sinistre ils ont du dépenser + 6000 euro. Ils ont; pour info; refusé dans un premier temps de les rembourser. Avec l'appui d'un avocat ces frais m'ont été remboursé. (c'est ca être bon payeur ?)Les ACM veulent faire de l'assurance; encaisser les primes d'assurances mais ne pas règler les sinistres. Si je coute cher; il suffit de ne plus encaisser la nouvelle prime.La facture est d'un montant de 374;50 euro.J'ai saisi le médiateur; du moins je croyais. J'ai eu droit a la réponse d'une secrétaire (le médiateur lui a donné l'autorisation et instruction pour formuler une préconisation) qui s'est emmêlé les pinceaux (pour ma part).Contradiction; invention d'une définition et méconnaissance d'une définition; sans compter qu'ils nous envoie une charte de 10 article; et ne l'applique pas.Réponse 90 jours; 3 ou quatre fois 90 jours; oui.Leur rapport :ContradictionLes acm n'ont jamais refusé a ce que je fasse appel a l'association.Paragraphe suivant au regard des élément; votre assurance n'est jamais sur son engagement dès lors qu'il m'avait adressé son refus. "défense par une assocaition.Invention ......définitionKlageverfahren  : Vous dites que les frais facturés sont assimilables à des frais de procédure; -	 Puis; d’après VOTRE dictionnaire; ce sont des frais de procédure; -	et enfin; soudainement; la facture n’étant pas détaillée; vous ne pouvez plus déterminer si les frais réclamés constituent des frais de procédure. Faudrai qu'il se décide......Méconnaissance d'une définitionFrais de procédure..mon contrat prend en charge les honoraires; les frais de justice (article 7.3). Pour ma part;  les frais de procédure englobe notamment les frais de justice.J'ai renvoyer une facture détaillé; et jusque qu'a ce jour pas de réponse de la part du médiateur.Je pense que la secrétaire est plus (+) doué pour le classement vertical que de jouer au médiateur.Ma question : dois je laisser tomber ?Quitter simplement les ACM ?ou saisir le tribunal ?Si; oui quel sont les démarches que je peu entreprendre seul.Merci pour l'aide que vous pourriez m'apporterKiteur68
website,BPCE,2017-08-09,Forum 60 millions de consommateurs  Consulter le sujet - ENCAISSEMENT DE CHEQUES FALSIFIES Bonjour à tous;Je me permets de vous solliciter car j'ai besoin d'aide.Ma banque m'a envoyé par courrier un chèquier qui n'est jamais arrivé à destination. Celui-ci a été volé.Je constate sur mes relevés de compte le prélèvement de 2 chèques un de 1440€ et l'autre 1460€; soit un total de 2900€Je me rend à ma banque faire opposition qui me dit de porter plainte. Au commissariat; ils me disent ne plus prendre de plainte mais ils font une main courante et m'informe que c'est à la banque ou à la personne victime du paiement de mes chèques qui doivent porter plainte (j'ai un écrit du commissariat).Une fois tout le nécessaire effectué; je retourne à ma banque; qui me rétorque qu'une main courante n'est pas suffisante pour obtenir le remboursement et qu'il faut porter plainte. Language de sourd!Entre temps ils me remettent copies des chèques; et là bien sûr que je constate la falsification de la signature qui n'est pas du tout la mienne.Comment la banque a t-elle pu encaisser ces chèques?! Ils sont tous les 2 l'ordre de la même personne.Cette situation me mets dans une situation financière très compliqué.J'insiste auprès de la banque mais rien n'y fait.Je prends un rdv avec ma conseillère; que celle-ci annule quelques jours plus tard sans raison.Et mon fils; qui se rendait au guichet pour des operations bancaires entend une dame dire à une autre :"il y a le fils de Mme xxxx"; et l'autre personne aurait rétorqué :"si il me demande; dites que je ne suis pas là". Ils m'évitent clairement.Alors que pour moi tout est de leur faute : chequier envoyé par la poste en lettre simple + encaissement de 2 chèques avec signature clairement falsifié.Je leur ai écrit une lettre en recommandé avec AR expliquant le détail et demande une nouvelle fois le remboursement; mais je ne fais pas d'illusion.Pouvez vous me dire quels sont mes recours pour obtenir le remboursement?Merci d'avoir pris le temps de me lireJessica
website,BPCE,2017-08-09,Bonsoir Jessica;Vous devez adresser une LRAR au Directeur de votre agence lui disant que; vous confirmant aux dispostions du deuxième alinéa de l'article L131-35 du Code monétaire et financier ci-dessous reproduit :« Il n'est admis d'opposition au paiement par chèque qu'en cas de perte; de vol ou d'utilisation frauduleuse du chèque; de procédure de sauvegarde; de redressement ou de liquidation judiciaires du porteur. Le tireur doit immédiatement confirmer son opposition par écrit; quel que soit le support de cet écrit » ;vous lui confirmez avoir fait opposition auprès de ses services; sur deux chèques portant les no xxxx et xxx tirés des formules qui ont été détournés de leur destination; utilisés frauduleusement par falsification grossière de votre signature et débités sur votre compte courant en dates des xxx et xxxx d'une somme respective de 1140 € et 1460 €.Lui ajoutant vous être rendue au Commissariat (adresse) pour déposer plainte où il vous a été répondu qu'il ne vous appartenait pas de le faire d'un droit qui revient à la banque; m'offrant seulement la possibilité de me délivrer une main courante (joignez copie de l'attestation).C'est pourquoi; vous lui demandez maintenant de créditer votre compte des montants débités des chèques utilisés frauduleusement provenant de formules expédiées par envoi simple et détournées de leur destination; qui au surplus n'ont pas fait l'objet (les chèques) d'aucun contrôle de ses services d'une signature apparente imitée grossièrement.Voilà !Cordialement.
website,BPCE,2017-08-09,Bonjour Michel;Merci pour votre réponse.Sans citer l'article de loi que je ne connaissais pas; c'est à peu près ce que j'ai écrit dans mon courrier.Ils m'ont tellement mener en bateau jusqu'à présent que je redoute leur réponse.A mon courrier j'ai joint copie de tous les documents (copie des chèques; main courante + annexe indiquant que la plainte est à déposer par la banque; copie releve de compte; et meme copie de ma CIN pour qu'ils puissent constater la signature).Je vous tiendrais au courant de la suiteMerci encore
website,BPCE,2017-08-10,Bonjour Jessica;JackPayne20 a écrit :Sans citer l'article de loi que je ne connaissais pas; c'est à peu près ce que j'ai écrit dans mon courrier.C'est pourquoi; je vous suggère d'adresser une nouvelle LRAR et au prétexte de lui rappeler que vous êtes en attente de sa réponse; lui citant cet article Loi : c'est ce qui fait mouche;  concluant que sans manifestation positive de ce part; vous saisirez l'ACPR (l'Autorité de Contrôle Prudentiel et de Résolution = gendarme des banques) pour lui exposer votre situation lui demandant son Avis.Cordialement.
website,BPCE,2017-08-10,Bonjour Michel;Très bien je fais le nécessaire.Merci
website,BPCE,2017-09-18,Bonjour; Je viens donner des nouvelles.Comme conseillé; j'ai bien envoyé un courrier en indiquant tous les textes de loi cité ci-dessus; et cela a bien fait mouche.En effet; suite à la réception de ce courrier la banque m'a rappelé pour venir récupérer un document à remettre au commissariat et tout s'est enchaîné.J'ai eu mon remboursement le week-end dernier; un grand merci à Michel34 pour vos conseils.
website,BPCE,2017-09-15,Forum 60 millions de consommateurs  Consulter le sujet - Pb Mise en place de reamenagement credit immobilier Bonjour;Nous avons négocié avec notre banquier le réaménagement de notre emprunt immobilier (baisse de taux; terme du prêt restant identique) et avons signé les demandes de réaménagement par avenant en Déc. 2016. La date de mise en place dans ces nouvelles modalités devait être en Avril 2017.Or; et après de multiples relances; nous avons appris (a une semaine de la mensualité cible) que je cite: "le centre de crédit (de la banque) a pris du retard". Probablement plus de travail qu'il n'avait de mains!!Donc l'emprunt amendé n'a été effectif qu'en Juin 2017.Nous avons donc paye pendant 2 mois (Avril et Mai) les intérêts de l'ancien taux; en plus de 1.1% de CRD pour le "service" et les 4 mois originels de mise en place (a l'ancien taux).Mes questions sont; 1-Il y a t-il un fondement juridique a réclamer le remboursement de ces 2 mois d’intérêts (anciens-nouveaux)? 2-La demande de réaménagement par avenant; éditée par la banque et signée par nous (l'emprunteur); constitue t'elle un engagement contractuel de service (aucuns des autres termes énoncé dans celle-ci n'ont été dérogé)?D'avance merci
website,BPCE,2017-09-16,Bonjour jack_1975;Un avenant à un contrat est un contrat qui modifie ce à quoi il est stipulé.Ainsi; ces modifications sont de nouvelles conventions au contrat qui ont force de Loi; comme l'entend le Législateur dans ses dispositions prévues à l'article 1103 du Code civil :“Les contrats légalement formés tiennent lieu de loi à ceux qui les ont faits”. Dés lors; demandez à votre banque de régulariser votre situation en la mettant à ce qu'elle devait être à la suite des signatures des parties sur cet avenant.Cordialement.
website,BPCE,2017-09-16,Bonjour Michel34;Merci pour ces informations et affirmation. Mon courrier a la banque partira donc ce jour.sinceres salutationsJack
website,BPCE,2017-09-15,Forum 60 millions de consommateurs  Consulter le sujet - Surendettés, Marre des frais abusif de votre banque ? Bonjour; Ce post sert à prévenir tous ces abus que les banques (Caisse d'Epargne; Monabanq etc...) pratiquent sur le dos des clients. 1. La banque ne met pas à jour sa base de données clients; et osent dire à l'accueil devant tous le monde; ou au téléphone; que tel ou tel client est toujours fiché Banque de France. Or; il s'agit d'un 1er préjudice subi à laquelle le client se sent diminué et ne plus pouvoir faire face à ses droits légitimes. 2. Je vous conseille d'aller voir directement sur place la Banque de France près de chez vous; ils vous renseigneront sur votre situation. 3. Vous pouvez attaquer votre banque; puisque chaque banque est tenue à la stricte confidentialité et au respect de la tenue des comptes bancaires. 4. Vous en avez marre de votre banque ? mettez la en demeure en saisissant le médiateur (gratuit) puis la juridiction compétente jusqu'au jugement pour récupérer votre argent prélevé abusivement par la banque. 5. Procédez au changement de banque en Loi Macron (Mobilité Bancaire) dans votre nouvelle banque; qui se chargera du transfert avec votre accord. Cordialement.
website,BPCE,2016-04-22,Forum 60 millions de consommateurs  Consulter le sujet - Younited Credit: une fausse bonne idée Arbitraire et non professionnel: voilà comment je résumerais ce site de crédits entre particuliers; anciennement appelé Prêt d'Union.Cet organisme de crédit a des critères des plus opaques.Après avoir fourni toutes les pièces demandées; nous avons d'abord reçus un accord de principe qui s'est finalement terminé par ... un refus. Étonnés; nous avons demandé à en savoir plus. Le problème est apparu: aucune raison n'a été fournie.Voici le texte reçu par email: "Cette décision a été prise suite à l’analyse de votre situation personnelle et budgétaire; selon des règles définies par l’entreprise. Malheureusement; nous ne pouvons communiquer de façon détaillée sur ces règles; notamment dans un objectif de prévention de la fraude".Trois emails et un appel plus tard; Younited Crédit n 'a pas été en mesure de nous expliquer de manière objective et factuelle son refus.En bref; ce prêteur ne nous apparaît par comme un organisme professionnel. Nous le déconseillons pour son opacité sur les critères d'attributions et la non cohérence de sa communication client.
website,BPCE,2016-08-11,Bonjour Vincent;Tout d’abord; je suis désolée de remarquer que nous n’avons pu vous accompagner dans votre projet.Nous proposons une alternative au modèle bancaire actuel en permettant à des investisseurs de financer directement et en toute sécurité (grâce au Tiers de Confiance Younited Credit) les projets de particuliers emprunteurs.Une sélection stricte et une analyse poussée de votre dossier sont effectuées afin de nous assurer des capacités de remboursement des emprunteurs. Ainsi nous regardons la capacité de remboursement à l’instant t; mais aussi sur la durée : notre modèle nous permet de « prédire » votre endettement sur toute la durée du prêt.Je vous souhaite bonne chance dans votre recherche de financement.Excellente journée;Charlotte de Younited Credit
website,BPCE,2016-10-12,"Une sélection stricte et une analyse poussée de votre dossier sont effectuées afin de nous assurer des capacités de remboursement des emprunteurs. Ainsi nous regardons la capacité de remboursement à l’instant t; mais aussi sur la durée : notre modèle nous permet de « prédire » votre endettement sur toute la durée du prêt."Je viens également de me faire refuser une demande de crédit; sans aucune raison. mon taux d'endettement est inférieur à 30% et mon reste à vivre est supérieur à la moyenne des ménages français.C'est une perte de temps que de faire appel à eux.Je ne vois pas comment avec seulement le dernier bulletin de salaire; Younited Credit peut effectuer une analyse poussée et "prédire" notre endettement.Absolument pas sérieux; aucun motif de refus; taux peux attractifs cet organisme est une grosse blague de mauvais goût.
website,BPCE,2016-10-12,Charlotte de Younited Credit a écrit :je suis désolée de remarquer que nous n’avons pu vous accompagner dans votre projet.Messieurs vous êtes sévères; cet organisme a tout de même "remarqué  qu'ils n'ont pas pu vous accompagner dans vos projets !!! Quelle compétence !
website,BPCE,2016-10-31,Bonjour Nicooo29; Je remarque que vous n'êtes pas satisfaits de votre expérience chez Younited Credit et j'en suis désolée. Je vous invite à envoyer vos coordonnées sur notre boîte mail emprunteur (emprunteur@younited-credit.fr) afin que l'un de nos conseillers puisse vous rappeler dans les meilleurs délais pour approfondir l'objet de votre mécontentement. Excellente journée; Charlotte
website,BPCE,2016-11-04,Effectivement; une fausse bonne idée. On s'imagine au début qu'ils ne sont pas comme les autres mais c'est faux ! Après avoir obtenu mon crédit j'ai subi leur harcèlement téléphonique pour me vendre une assurance et il a fallu que je me fâche pour que cela cesse ! J'ai fait racheter ce crédit récemment et j'ai eu la surprise de me voir réclamer une somme supplémentaire ; j'ai donc envoyé un mail pour obtenir une explication détaillée et j'ai simplement obtenu une réponse automatique me demandant de me reporter aux conditions générales !!! Quel traitement ! J'ai fait opposition au prélèvement et je suis harcelé plusieurs fois par jour bien qu'ayant eu une personne me promettant un courrier explicatif et détaillé des sommes dues que j'ai affirmer leur régler après réception du courrier si elles sont justifiées. Malgré cela je viens de me faire agresser par une personne et mon téléphone a sonné plus de trois fois ce matin !!!! Ils vendent très bien leurs crédits avec une attitude paternaliste qui rassure mais ne soyez pas défaillant sinon la méthode de recouvrement est agressive sans limite et à l'américaine !!! Soi-disant participatif mais surtout capitaliste !Je reprécise que je ne refuse pas de payer; je demande une explication simplement.
website,BPCE,2016-11-10,Je viens d'effecteur une simulation sur younited crédit !!!! J'ai 19 ans; un CDI; logé chez mes parents; aucun autre prêt; et   !!!!!  refusé !!!!   sans autre forme de procès !En résumé; il faut être riche comme pour les autres banques .Mes parents me l'on pourtant bien dit : on ne prête qu'aux riches!Younited ne fait apparemment pas exception .
website,BPCE,2016-11-25,Bonjour Sand1; Nous sommes navrés de constater que vous n’êtes pas totalement satisfait de votre expérience chez nous.Afin d’approfondir l’objet de votre mécontentement; pourriez-vous nous adresser un message privé sur notre page Facebook (https://www.facebook.com/younitedcreditfr/) ou via le formulaire de contact présent sur notre site (http://www.pret-dunion.fr/contacter-Younited-Credit) en précisant l'adresse email avec laquelle vous avez réalisé votre demande ?Ceci nous permettra de vous assister dans les meilleurs délais. Excellente journée;Charlotte de Younited Credit
website,BPCE,2016-11-25,Bonjour Jareby; Tout d'abord; je suis désolée de remarquer que nous n'avons pu vous accompagner dans votre projet de financement. Ceci étant; il ne faut pas confondre "sans les banques" et "ouvert à tous". En effet; nous proposons une alternative au modèle bancaire actuel en permettant à des investisseurs de financer directement et en toute sécurité (grâce au Tiers de Confiance Younited Credit) les projets d'autres particuliers emprunteurs. En ce sens; vous vous passez d'un organisme bancaire traditionnel (les "Banques"). Mais à aucun moment nous ne clamons pouvoir accepter plus de personnes que ne le font les organismes bancaires traditionnels ! Nous procédons en effet à une sélection stricte et une analyse poussée de votre dossier afin de nous assurer des capacités de remboursement des emprunteurs. Ainsi nous regardons la capacité de remboursement à l’instant t; mais aussi sur la durée : notre modèle nous permet de « prédire » votre endettement sur toute la durée du prêt.Je vous souhaite bonne chance dans votre recherche de financement. Très bonne journée; Charlotte
website,BPCE,2016-12-28,Bonjour à tous On nous a accordé un crédit immobilier  de 162000 e avec un loyer de 1200 e et younited nous a refusé un crédit de 13000 avec un remboursement du prêt immobilier de 750 e par mois y a comme un problème quelque part . De plus j'aimerai rajouter que younited à appeler mon patron pour confirmé mon salaire pratique totalement illégal mais je pense qu'il a eu confirmation de ce dernier ! Accord de principe à mon avis ils les acceptent à chaque fois ;sur leur site on peut lire les commentaires des clients mais on se demande comment ils les ont laissés car pour ma part de fut impossible ! Ce qu'il ne marque pas sur leur site c'est que après un refus juste pour faire une simulation impossible de faire une demande de crédit avant 6 mois bravo younited publicité mensongère !!!! Et les raisons du refu sont top secret !!! On peut pas vous le dire !!! Bravo younited zéro younited !!!!
website,BPCE,2017-09-14,Forum 60 millions de consommateurs  Consulter le sujet - Votre avis sur LENDIX? Bonjour;Quelqu'un a t'il testé la plateforme de financement participatif LENDIX?J'ai trouvé un site qui donne son avis sur LENDIX mais suis preneur de plus d'information sur un retour d'expérience de cette plateforme. Quel rendement peut t'on obtenir? La plateforme est t'elle sérieuse? Transparente? Merci d'avance
website,BPCE,2017-05-07,Forum 60 millions de consommateurs  Consulter le sujet - Financement participatif ( crowdfunding ) Bonjour;J'aimerai savoir sur quel site déposer un projet crowdfunding et surtout; qu'il soit accepté? Merci d'avance de vos réponses!
website,BPCE,2017-09-14,Bonjour;Personne ne pourra vous garantir que votre projet soit accepté car dépendra de votre capacité à remboursé votre prêt.N'hésitez pas à consulter le site https://argent-et-salaire.com qui a testé 11 plateformes de financement participatifs. Vous pourrez ainsi proposer votre dossier à chacune de ces plateformes et ainsi avoir une chance d'en avoir une qui accepte votre dossier.Bon courage à vous et n'hésitez pas à nous dire laquelle a retenue votre projet
website,BPCE,2017-09-11,Forum 60 millions de consommateurs  Consulter le sujet - Rachat credit immobilier Bonjour;je rachete actuellement mon crédit immobilier par le biais d un courtier;celui me propose de rester a ma banque actuelle mais que les mensualités de mon nouveau crédit seront prélevés par une autre banque.avez vous déjà eu affaire a ça?et si oui est ce risqué ou pas?merci de vos aides;cordialement.
website,BPCE,2017-09-11,Bonjour;Votre crédit va être renégocié par votre banque via...un courtier !C'est un peu étonnant.Vous n'avez pas interrogé votre banque avant pour leur demander de vous faire une proposition ?A mon sens; elle risque d' établir un avenant à votre contrat d'origine.Etait-il prévu; dans ce contrat initial;  quelque chose concernant la domiciliation de vos revenus et le prélèvement des échéances sur un compte ouvert en ses livres ?Cdlt
website,BPCE,2017-09-12,Bonjour;jai deja demandé a ma banque et ils me proposent un rachat avec un taux supérieur a celui que j ai deja!et pour le courtier mon nouveau credit immo ne sera plus a ma banque actuelle;jy garderai juste mes comptes courants;et non je ne me suis pas renseigné;cdt.
website,BPCE,2017-09-12,Bonjour;C'est plus clair.Si la banque qui reprend votre prêt accepte que les échéances soient prélevées sur un compte ouvert dans une autre banque; pourquoi pas ? Mais c'est quand même assez rare.Il faudra bien lire votre offre de prêt pour voir si une demande de domiciliation de revenus n'a pas été incluse subrepticement.cdt
website,BPCE,2017-09-12,bonjour;en fait la banque qui me reprendrait mon prêt immobilier est la banque dont je ne connais pas encore le nom;le courtier ne voulant me la donner que une fois mandaté;c est vrai que je ne connaissais pas ce système la;et je me demande du coup comment ma banque actuelle;dans laquelle jai tous mes comptes et crédits; va reagir si je lui dis que jenvoi mon credit immo ailleurs vu le taux plus interessant;quelle option est la plus sure? cette option la(sachant que ca parait etre le plus pratique vu que je n aurais pas a changer la domiciliation bancaire de mes comptes courants) ou changer completement de banque?(tout avoir dans la meme banque paraitrait plus sage);et oui je vais regarder sur loffre de prêt de ma banque actuelle les conditions de domiciliation de revenus;cordialement.
website,BPCE,2017-09-12,Forum 60 millions de consommateurs  Consulter le sujet - Mécontentement J'ai eu quelques soucis  financiers  avec ma banque  ;et celle ci m'à promit après  réparation  de mon découvert  de ne pas me pénaliser; sauf que ;lorsque  j'ai vérifié  sur mon compte  j'ai vu que c'était  que des fausses promesses de la part de la banque  caisse d'epargne ! Au contraire  elle m'à sévèrement  pénaliser quoique la faute n'était mienne et qu'ils ont réparer  la faute je me retrouve  entrain de payer les aggios NB : 1_personnels  incompétents 2_promesses non tenues 3_trop de blabla et rien de concret !!!Au final je ne recommande  pas la banque caisse d'epargne même pas à mon chienMême si  eux ;ils profitent de moi avec des intérêts  supérieursur à 8;70 %Clente mécontente
website,BPCE,2017-09-06,Forum 60 millions de consommateurs  Consulter le sujet - Cetelem Bonjour;Ayant fait réaliser des travaux par K par K; je n'ai pas eu le choix de l'organisme de crédit : CETELEM puisque c'est le même groupe !35 mensualités de 272.18 € à compter du 07/04/2017; le 7 de chaque mois.A cette époque; j'étais en train de changer de banque...Mon dossier a donc été établi le 26/02/2017 avec un RIB de ma banque active : La Banque Postale Ma nouvelle Banque opérationnelle (Hello Bank); j'ai aussitôt envoyé une nouvelle autorisation de prélèvement SEPA à CETELEM dont ils ont accusé réception par courrier du 17 mars 2017.     - Le 7 avril; un premier prélèvement a été fait sur la Banque postale ! (J'ai pensé qu'il fallait un certain temps pour que le changement soit opérationnel !)     - Le 7 mai; le 2e prélèvement a été présenté également à la Banque Postale; mais rejeté étant donné que mon compte était fermé !     - Le 23/05/2017 suite à un courrier de relance et un appel téléphonique auprès de CETELEM; j'ai donc honoré cette mensualité par chèque pour régulariser comme cela m'a été indiqué..     - Le 06/06/2017 je me vois prélever une mensualité correspondant à la mensualité non honorée; majorée de 21.77 € alors que j'avais régularisé par chèque à leur demande.     - Le 07/06/2017 : prélèvement normal de la mensualité de Juin.Appel auprès de Cetelem où il m'est répondu qu'effectivement; il y avait eu une erreur et que le prélèvement de Juillet ne serait pas présenté pour régulariser. Ce qui a été fait !Par contre; concernant les 21.77 € de frais qui m'ont été prélevés à tort puisqu'ils ont eux-mêmes reconnu au téléphone que l'autorisation sur Hello Bank leur était parvenue dans les délais ne m'ont toujours pas été remboursés malgré de multiples demandes...La dernière; en date du 10 Août où; par SMS; ils me répondent qu'ils s'engagent à me donner réponse sous 5 jours ouvrés ! Ils sont loin les 5 jours... Ci-dessous; copie du SMS reçu de Cetelem :SMS reçu le 10 aout 2017 à 10 :07Cetelem Info : Votre demande est transmise au service concerné.Si un délai de traitement est nécessaire; nous nous engageons à vous apporter une réponse au plus tard dans les 5 jours ouvrés ou à vous tenir régulièrement informé de l'avancement de votre dossier. BNP Paribas PF 1 BD Haussmann Paris9 542097902RCS Paris Chaque fois que je téléphone; je tombe sur des personnes différentes (qui critiquent l'action faite par la précédente...) et qui me racontent n'importe quoi !!!Merci de bien vouloir m'aider.Que puis-je faire  ?Cordialement.Mimi71150
website,BPCE,2017-09-06,Bonjour Mimi71150;Cet organisme est bien connu par ses façons de faire notamment par sa réactivité voire son agressivité dés une première échéance impayée et majoration des intérêts et/ou frais et sa déficience auditive à l'appel d'un emprunteur lorsqu'il s'agit de régulariser une situation qui lui porte préjudice mise par la faute de cet organisme.Que faire demandez-vous ?En ce qui me concerne; je laisserai cette somme due par cet organisme pour qu'elle me porte les fruits des intérêts tels mentionnés au contrat prêt pour un impayé d'un emprunteur puis avant le terme de la prescription; je soumettrai ce dossier à une association de défense de consommateurs pour la suite à lui donner d'une requête outre de son principal; ses accessoires s'agissant des intérêts + frais; augmentés d'une allocation en dommages-et-intérêts pour rétention et manquement à son devoir de Conseil et d'informations.Autrement; une LRAR au service relation client lié à son siège mais aussi la diffusion de votre expérience. Cordialement.
website,BPCE,2017-09-06,Merci pour votre conseil.Heureusement que la somme n'est pas conséquente mais je pense qu'il en serait de même !Cordialement
website,BPCE,2017-09-06,Bonjour Mimi71150;Je me présente; je suis Virginie de l'équipe Cetelem en charge de la relation client sur ce forum.J'ai bien pris connaissance de votre témoignage concernant votre changement de RIB et les frais prélevés. Afin d'accéder à votre dossier; pourriez-vous me transmettre; par messagerie privée; vos coordonnées - prénom; nom; date de naissance et numéro de téléphone - pour que je puisse régulariser cette situation au plus vite. Dans l'attente de votre réponse; je vous souhaite une très bonne journée.Virginie de l’équipe Cetelem
website,BPCE,2017-09-07,Bonjour Mimi71150;Je fais suite à notre échange privé et à l'appel de notre conseiller. Nous avons procédé au remboursement des frais.Je reste à votre disposition sur ce forum;Virginie de l'équipe Cetelem
website,BPCE,2017-09-08,Bonsoir à tous;Décidément; je vois que Cetelem bat des records de "foutage de gueule" envers ceux qui ont le malheur d'avoir affaire à eux...En 1995; j'ai souscris un abonnement chez Bayard presse; via un compte révolving CDGP; lié à mon compte client du catalogue de vente par correspondance Quelle. J'ai résilié cet abonnement en appelant le service concerné chez CDGP en décembre 2016. Mais manque de chance CDGP a été repris par Cetelem; et bien que l'abonnement soit résilié  (ça m'a été confirmé par Bayard presse) et que je ne reçoive donc plus aucun magazine depuis décembre; j'ai eu la désagréable surprise de découvrir que les prélèvements continuaient.Bien sûr je les appelé à maintes reprises; je leur ai même envoyé un courrier en AR mais je n'en ai jamais reçu l'accusé réception. J'ai donc demandé à ma banque de rejeter ces prélèvements indûts; et depuis Cetelem se rappelle à mon bon souvenir chaque mois; et menace même d'engager une procédure de recouvrement et de m'imputer des indemnités de retard...alors que c'est moi qui je suis en droit de réclamer les sommes qu'ils m'ont prélevées à tort !!! On croit rêver...Si un jour je dois emprunter de l'argent; JAMAIS au grand JAMAIS je ne m'adresserai à eux !!!
website,BPCE,2017-09-11,Voilà : Affaire classée; la somme due par Cetelem est sur mon compte bancaire ce matin !Un conseil : si vous avez des soucis avec cet organisme; n'hésitez pas à leur faire de la contre-publicité sur les réseaux sociaux et sur Internet pour les faire bouger...Apparemment; ils n'apprécient pas trop et; miraculeusement; la situation se débloque !!!!Courage à tous ceux qui ont des soucis avec Cetelem.Mimi71150
website,BPCE,2017-09-11,Bonjour Mmi71550;Content pour vous de la résolution du litige et merci pour votre conseil à la grâce des réseaux sociaux et d'internet !Cordialement.
website,BPCE,2017-09-11,Bonjour Nounasowa;J'ai viens de lire votre témoignage concernant votre résliation d'abonnement presse. Afin d'accéder à votre dossier; pourriez-vous me transmettre; par messagerie privée; vos coordonnées - prénom; nom; date de naissance et numéro de téléphone - pour que je puisse faire le nécessaire pour actualiser et régulariser la situation. Dans l'attente de votre réponse; je vous souhaite une agréable journée. Virginie de l’équipe Cetelem
website,BPCE,2017-09-02,Forum 60 millions de consommateurs  Consulter le sujet - Cetelem me doit de l'argent Bonjour;J'ai une carte de crédit Conforama; dépendant de Cetelem.En juin; j'ai eu un remboursement de 147€ sur ma carte.Cetelem n'a toujours pas versé cet argent sur mon compte; malgré le fait qu'ils ont déjà bel et bien débité sur mon compte le montant dépensé le mois de juin! Et je leur ai rappelé cela le mois de juillet par le biais de mon espace client.Si moi je ne paie pas; ils me pondent des lourds intérêts; et eux s'ils ne me remboursent pas mon argent dans les délais; ils n'ont pas à me payer des intérêts dans la même mesure??Merci beaucoup.
website,BPCE,2017-09-03,Bonjour Mimine28;Ne répondant que strictement à votre question; si cet organisme vous doit une somme d'argent; tout retard à son règlement dans les délais requis vous ouvre droit à percevoir le montant de la même pénalité que la vôtre en cas de retard au règlement d'une échéance du prêt ; c'est l'équité; autrement; ce serait une clause abusive au contrat.Cordialement.
website,BPCE,2017-09-04,Oui ils me doivent de l'argent; c'est même ce qui est marqué sur le relevé."Montant que nous vous devons au 21/08/17 - 147;09 €"Sur le relevé c'est marqué:"Taux Annuel Effectif Global (TAEG) révisable : de 0 € à 3 000;00 € : 20;27%"Merci beaucoup.
website,BPCE,2017-09-05,Bonjour quand même Mimine28;Si ce montant à votre crédit n'est pas une opération reportée sur votre compte; réclamez sa restitution par LRAR au siège de cet organisme.Cordialement.
website,BPCE,2017-09-05,Bonjour Mimine28;Je me présente; je suis Virginie de l'équipe Cetelem en charge de la relation client sur ce forum.J'ai bien pris connaissance de votre témoignage concernant votre remboursement. Afin d'accéder à votre dossier; pourriez-vous me transmettre; par messagerie privée; vos coordonnées - prénom; nom; date de naissance et numéro de téléphone - pour que je puisse vous mettre en contact avec le bon interlocuteur. Il s’attachera à trouver une solution avec vous. Virginie de l’équipe Cetelem
website,BPCE,2017-09-07,Je vous ai déjà envoyé deux messages avec mon compte client; et vous n'avez même pas répondu... je vous les envoie; à voir si ça débloque la situation.
website,BPCE,2017-09-09,Cetelem n'a toujours pas appelé; et je pense qu'ils ne le feront pas... las intérêts; ça va fuser; à force...
website,BPCE,2017-09-11,Bonjour Mimine28;Suite à vos messages en privé; votre demande a été traitée ce matin et nous procédons bien au remboursement. Vous recevrez une confirmation du service client. Je vous souhaite une très bonne journée.Virginie de l'équipe Cetelem
website,BPCE,2017-07-28,Forum 60 millions de consommateurs  Consulter le sujet - tres déçus par Afer La bureaucratie Afer est totalement inefficace. Pour toucher une assurance vie suite a un décès il faut s'armer de patience. Comptez des mois d'énervement et d'échanges téléphoniques et de mails. Nous avons un beau frère habitant a l’étranger qui se bat depuis 6 mois pour un versement .
website,BPCE,2017-07-29,Plus l assureur tarde a verser cette assurance ; plus il devra verser des intérêts qui augmente au fil des semestres de surcroit Bref ; aucun intérêt a le presser donc  ; le temps jouant en la faveur du bénéficiaire Faut quand méme étre sur d avoir fourni en recommandé toute les pièces demandées  !
website,BPCE,2017-09-06,Il y a eu des dizaines d'échanges téléphoniques et autant de mails.
website,BPCE,2017-09-07,Bonjour Benes67;Je me permet de témoigner car j'ai également du passer par la bureaucratie Afer lors du décès d'un proche. Tout c'est passé très rapidement et simplement me concernant (moins d"un mois après l'obtention de mon certificat d'hérédité je touchais les fonds dudit défunt proche) Je crains cependant que pour solutionner son problème; votre beau frère doive se rendre physiquement au siège d'Afer.Ce qui semble compliqué dans la mesure ou il réside à l'étranger. Pas de vacances en France prévues les prochains mois? Cela pourrait grandement faciliter les choses face à tous ces étages de bureaucrates!CordialementFéebly
website,BPCE,2017-09-11,Bonjour;Vous devriez contacter une association de consommateurs pour vous aider dans vos démarches; c'est généralement un appui fort utile pour se faire entendre (et respecter) par les professionnels récalcitrants. Vous pouvez consulter sur notre site web la liste des associations nationales agréées.Cordialement;la rédaction de 60 Millions de consommateurs
website,BPCE,2017-09-04,Forum 60 millions de consommateurs  Consulter le sujet - Prêt immobilier Bonjour;Nous avons effectués avec ma femme; une demande de prêt auprès de la banque.Depuis le début; c'est a dire depuis la première simulation en mars 2017; jusqu'à la signature de la demande de prêt; la banque est au courant que je suis actuellement en arrêt maladie à cause d'un soucis de santé au niveau des épaules (tendinite bilatérale).Depuis le début cela ne leur cause aucun problème; et ils nous répètent depuis le début que le dossier est béton et qu'on a aucun soucis à se faire. Nous avons donc signés la demande de prêt fin juillet; et la banque nous a dit qu'il faut que le dossier passe dans les mains d'une dernière personne qui les contrôle pour s'assurer que tout est en ordre; et qu'en principe une fois la demande de prêt signée; il n'y a plus de soucis a se faire. Donc avec ma femme nous avons déjà signés le contrat de maîtrise d'oeuvre; fait faire et signés un devis pour la cuisine et fait faire les devis et démarches nécessaires chez tout les intervenants du domaine publique (SDEA; TELECOM; EDF...)mais nous attendons toujours l'offre de prêt...Nous avons pris contact avec la banque et ils nous disent que le dernier décisionnaire est sur le dossier et me demandent si mon arrêt maladie est bientôt terminé et si il y a une invalidité de prévue par rapport à mes épaules.Nous leur répondons que pour l'instant je suis sous traitement et que nous verrons si ça fonctionne mais qu'une invalidité n'est pas du tout envisageable. Du coup nous commençons a nous inquiéter avec ma femme et nous demandons a notre chargé de clientèle( un incompétent de la pire espèce...) si notre dossier peu encore être refusé. Il tourne autour du pot sans vraiment nous répondre; du coup on lui repose la question avec insistance et il fini par nous dire que oui ... après tout ce temps ou tout le monde nous dit qu'il n'y a aucun problème par rapport à mes tendinites; ils réagissent comme si j'avais un cancer et nous laissent totalement dans le flou. Est ce que quelqu'un a déjà éventuellement connu un cas de figure similaire?Laura et Stéphane
website,BPCE,2017-09-04,Bonjour;L'interlocuteur dans votre agence bancaire est un vendeur. Il n' a aucune envie de vous donner une réponse négative à votre demande de prêt; c'est tellement plus facile que la décision vienne de plus haut.Par ailleurs; votre interlocuteur n'est pas un médecin. Je suppose que votre prêt est assuré et qu'il vous a été demandé de remplir un questionnaire de santé; lequel doit être complété de bonne foi par le candidat à l'assurance.Selon les réponses aux questions posées; la décision d'assurer; ou pas; revient à l'assureur. Celui-ci peut demander des précisions complémentaires; ou vous demander de passer une visite médicale.C'est donc ce point concernant l'assurance qu'il faut éclaircir.Cordialement
website,BPCE,2017-09-04,L'assurance a été remplie au tout début du dossier pour justement gagner du temps par rapport au délai de traitement. Elle a acceptée de nous assurer et a seulement émis des restrictions par rapport au prises en charges si je devais de nouveau avoir des soucis de tendinites aux épaules.Autrement dit; ce chapitre dans ce dossier devrait être clos depuis longtemps. En plus; c'est le directeur de l'agence lui même qui a accepté notre demande de prêt.Cordialement
website,BPCE,2017-09-04,Laurasteph67 a écrit :En plus; c'est le directeur de l'agence lui même qui a accepté notre demande de prêt.A priori tout a donc bien été fait dans les règles; et votre dossier a été accepté avec des restrictions sur les garanties concernant l'assurance.Vous avez finalisé votre dossier fin juillet et....août est un mois de vacances; ce qui peut expliquer ce retard pour vous envoyer l'offre de prêt.Le mieux est de reprendre contact avec le directeur de l'agence; soit en face à face ou par mail; ou en LRAR; afin qu'il vous vous donne un délai (raisonnable) pour l'envoi de l'offre de prêt.Mettez en avant les démarches accomplies pour votre projet pour insister sur le fait qu'il y a à présent urgence pour vous pour obtenir le financement.Bon courage
website,BPCE,2017-09-11,Alors; la situation s'est débloquée avec notre banque. nous signons l'offre de prêt demain soir.Par contre; ils sont vraiment pas rassurés par rapport a mon arrêt maladie pour mes tendinites ( état dont ils étaient au courant et qui ne posait aucun problème à la base ...); qu'ils nous demandent à ce que les parents de ma femme se portent caution pour une partie du prêt alors que nous avons déjà une hypothèque de prévue...Et de plus en raison de cette caution; ils nous demandent à nous de leur demander: - leurs dernières feuilles de revenus- leur dernier avis d'imposition- les derniers extraits de compte et nous donnent toujours à nous- une fiche patrimoniale à leur faire remplir alors que nous n'avons pas à savoir ce qu'ils ont comme patrimoine immobilier ou la somme de leurs économies sur leurs différents comptes . Est ce que tout cela est vraiment légal?
website,BPCE,2017-09-11,Bonjour;La caution personne physique peut être amenée à rembourser les échéances en cas de défaillance de vous même.Il est donc normal que la banque vérifie que la caution sera bien solvable au cas où....On pourrait lui reprocher de ne pas le faire.Ce qui est plus curieux ;c'est que la banque ait cette exigence maintenant; alors qu'elle a déjà une garantie hypothécaire et une assurance sur vos têtes; même avec des restrictions...c'est ceinture et bretelles !Ce qui est curieux aussi est que vous signez demain soir l'offre...ce qui voudrait dire que tout est bouclée; à moins qu'on vous fasse venir pour discuter; l'offre étant en principe adressée par courrier.Maintenant; je ne connais pas votre dossier; notamment :- votre niveau d'endettement;- votre reste à vivre après paiement des prêts;- la quotité empruntée par rapport au coût de votre projet immobilier.Cordialement
website,BPCE,2017-09-11,Alors; le reste à vivre est plus que confortablele niveau d'endettement à 38%; ce qui est encore plus ou moins correct;la quantité empruntée est de 282000 euros
website,BPCE,2017-09-11,38 % c'est beaucoup; mais à mettre en parallèle ( et à relativiser) avec le reste à vivre.Voir aussi la QUOTITE empruntée par rapport au coût de votre opération.
website,BPCE,2017-08-28,Forum 60 millions de consommateurs  Consulter le sujet - Frais de banque Bonjour voilà je suis cliente au Crédit Agricole depuis plusieurs années je n'ai pas un gros compte juste une carte Maestro un compte qui n'a pas le droit de découvert avec des autorisations de débit très faible je n'ai pas de chéquier en fait ce compte est un compte secondaire car j'ai un compte dans une autre banque avec mon mari .sur ce compte je ne perçois que les prestations de la CAF à savoir 129 € d'allocation familiale et la prime d'activité qui varie entre 150 et 300 € par mois et sur ce compte passe le prélèvement du reste de mon loyer à savoir 210 € mon assurance maison 25 € mon téléphone portable 20 € et quelques autres factures donc ce compte me sers très peu car il après mes prélèvements il me reste en général  et 50 € et voilà en regardant mes comptes de prêt car je ne les fait pas beaucoup puisque je me sers très peu du compte j'ai remarqué de que depuis quelques mois voire quelques années la banque me prenez des frais tous les mois des frais d'intervention et en consultant le relevé global de frais annuel car celui-ci je ne reçois pas par courrier contrairement à mes relevés j'ai pu remarquer pour que pour l'année 2016 le Crédit Agricole m'a pris 570;76 € de frais étant dans l'incompréhension j'ai donc contacter mon conseiller pour m'éclairer à ce niveau il me dit que ce sont des frais de compte pour des découverts exetera j'ai eu beau leur expliquer que je n'avais pas le droit à découvert et que je ne t'ai jamais dans le découvert ils n'ont pas eu de réponse à me donner sachant que tous les mois il y a 24 ou 48 € de frais qui passe pour des frais d'irrégularité ....Donc éplucher tous mes relevés et là j'ai remarqué que par exemple la la prestation de la CAF sont versées au niveau du 5 et mon prélèvement assurance maison doit être prélevé le 6 effectivement ils le font passer plus tôt comme ça il me met dans les frais. Ou encore j'ai vu être dans les frais pour un prélèvement qui était passé le 5 or j'ai les allocations le 5 je suis donc allé voir la banque et là on m'a répondu que le prélèvement était passé par nuit et que la CAF avait viré que le matin donc j'ai été à découvert quelques heures mais c'est totalement incompréhensible ou encore le virement permanent pour mon loyer auquel j'ai mis la date du 7 passe régulièrement le 4 donc avant que la CAF est versée donc c'est une erreur de leur part . J'ai donc demandé à mon conseiller comment je pourrais être à découvert puisque mon compte je l'ai pris sans découvert je n'ai pas le droit à un centime de découvert il m'a donc dit que pour m'éviter des frais on me laisser passer quand même les prélèvements ... Je lui ai posé la question sur les frais qui selon une noix serait à 8 € par intervention alors que moi me prendre 24 euro d'un seul coup donc ce qui ferait 3 interventions il n'a pas su me répondre .Bref aucune réponse de leur part seule réponse on va voir pour prendre un rendez-vous avec le directeur de l'agence mais à plusieurs reprises et je n'ai eu aucune nouvelle donc pour faire un bilan en 2015 on m'a pris 372;52 € de frais pour 2016 je suis à 570;76 de frais et pour 2017 donc jusque fin juillet je suis déjà à 292;46 de Frais et donc trouver conseil trouvé comment me faire rembourser une partie de mes frais comment trouver suite à cette demande comment faire je suis perdu .Peut-on me renseigner sur les démarches à suivre les courriers je ne sais pas merci à vous
website,BPCE,2017-08-28,Bonjour;Ce type de frais est normal si les virements positifs de votre compte interviennent après les virements négatifs.Il ne faut pas se fier aux dates de virements; il y a un délai entre la date indiquée et la date réelle.
website,BPCE,2017-09-10,TOut dépend. Chez Crédit Agricole; avoir droit au découvert ça veut dire qu'on peut dépasser le seuil du 0 sans payer de frais d'intervention.Quand on n'a pas droit; ça dépend de ce qu'on a choisi comme formule: est-ce qu'on a le droit de dépasser le seuil de 0 en payant; ou est-ce qu'on n'a pas du tout le droit de dépasser ce découvert... c'est là qu'il faut se pencher.Et ils n'ont pas de réponse; mais il suffit pour vous de leur demander le relevé de compte des deux dernières années ou même de la dernière année et voir à quel moment vous êtes passé en négatif; par exemple.Je trouve bizarre que vous ne vous êtes pas aperçue avant; vu que les sommes sont élevées; mais oui; c'est dû à des découverts cela.Déjà lire le "contrat" du compte avec votre banque; tout doit y être marqué dessus; puis regarder ses relevés.
website,BPCE,2017-09-10,bonjour ; et aussi vérifier ses comptes ;même petits ;sur le site internet de votre banque  tous les jours ; cela permet de voir des mouvements bizarres ou de réagir vite en cas de découvert.
website,BPCE,2017-09-08,Forum 60 millions de consommateurs  Consulter le sujet - Groupe prevoir Bonjour;Je me permets d’intervenir sur ce forum pour signaler un problème avec le groupe PREVOIR et savoir si quelqu’un pouvait m’apporter des réponses ou une aide pour récupérer ce qui me revient de droit.Voici les faits :Nous (ma femme et moi) avons souscrit deux contrats PREVOIR ENFANTS en octobre 1997 pour une durée de 18 ansTerme échu en octobre 2015Toutes les mensualités ont été payées dans les tempsLe montant de base était de 239;52 francs par mois et 235;68 francs par mois avec augmentation automatique de 5% á chaque date anniversaire.Soit un montant total de 12127;68 € versé (prévoyance comprise) et 12326;32 pour le second selon les mêmes conditions.Le groupe PREVOIR ne prévoit depuis la date de fin que de nous verser par contrat moins de 11000 euro intérêts compris.Depuis la fin du contrat nous n’arrivons pas à avoir une entente avec les différents correspondants ni avec le siège ni par mail ni par courrier avec accusé réceptionIl ne nous verse que le capital garanti soit en francs 66012 par contrat soit 10063 euro plus 600 euro d’intérêt.Nous sommes donc contre cette somme depuis deux ans.Je souhaiterai savoir vers qui me tourner pour obtenir les sommes prévues au contrat soit 14088;88 (montant donné et écrit par la personne nous ayant fait souscrire les contrats) par contrat puisque ceux ci ont rapportés un bénéfice au groupe de plus de 3% PENDANT TOUTE LA DUREE DU CONTRATAu bout de tous les recours par courrier ou courriel vers la société je voudrai savoir vers qui me retourner juridiquementCordialementPS : je ne souhaite pas une réponse du groupe PREVOIR  sur ce forum qui me demanderait pour la énième fois de la contacter par mail ou tel alors qu’ils ne me donnent aucune reponse à mes courriers recommandés ou courriel si ce n’est pour me dire qu’ils transfèrent ma demande au conseiller concerné.
website,BPCE,2017-09-10,Bonjour Soturf;Outre les clauses stipulées au contrat par lesquelles l'assureur est tenu en vertu de l'article 1103 du Code civil qui dispose que :“Les contrats légalement formés tiennent lieu de loi à ceux qui les ont faits” ;Il est tout autant tenu des personnes qu'il a sous sa responsabilité au sens de l'article 1242 du même Code  qui énonce que :“On est responsable non seulement du dommage que l'on cause par son propre fait; mais encore de celui qui est causé par le fait des personnes dont on doit répondre; ou des choses que l'on a sous sa garde ». C'est pourquoi; je vous suggère dans un premier temps; de vous rapprocher d'une association de défense de consommateurs qui; à la lecture de vos documents en mains; vérifiera d'abord si compte-tenu du temps passé à l'objet du litige votre dossier n'est pas atteint de sa prescription d'un délai de deux ans en matière d'assurance; puis s'adressera en votre nom à votre assureur ou pour le moins; vous guidera sur la démarche à suivre.Cordialement.
website,BPCE,2017-08-08,Forum 60 millions de consommateurs  Consulter le sujet - Probleme CEDIREC + HUISSIER Problème Crédirec + HuissierMessage par Kaporal » 08 Août 2017; 13:28Bonjour; je me permets de poster ici pour relater mon problème et peut être trouver une solution.J'ai vécu une période difficile il y' a une dizaine d'années où j'ai accumulé pas mal de petits accidents de la vie.Durant cette période; j'ai souscrit à une multitude de crédits révolving et je me suis petit à petit enfoncé dans l'endettement total.J'ai depuis redressé la barre; et je pensais avoir régler l'intégralité de mes dettes.Sauf que durant l'année 2013; j'ai été littéralement harcelé par la société "CREDIREC" pour une soit disant dette "Monabanq" d'un montant de près de 5000 Euros.(Appels téléphonique intempestifs et nombreux courrier)N'ayant aucun souvenir de cette dette; j'ai demandé à CREDIREC de me faire parvenir une copie du contrat de souscription du contrat et du titre executoire qu'il prétendait avoir en leur posséssion. Je n'ai à ce jour jamais rien reçu.J'ai donc sur les conseils de membres d'un autre forum "laissé coulé " et je n'ai pas eu de nouvelle durant presque une année.Je précise que je n'ai jamais été averti d'une quelconque procédure à mon encontre de la part de MONABANQ.fin 2013; ca recommence mais cette fois ci ; je recois également une lettre d'un Huissier de la région Lyonnaise; qui agit au nom de la société CREDIREC.On me conseille une nouvelle fois de ne pas y prêter attention et de laisser couler (Car ; toujours pas de titre exécutoire et huissier hors compétence territoriale)Mi 2014; je recois cette fois des courriers d'un autre huissier bien connu des "clients" de CREDIREC : Marcotte-Ruffin et Associés basé eux à CalaisToujours plus ou moins le même courrier mais avec une somme doublée et surtout une réference à une ordonnance portant injonction à payer du 10/07/2009; signifiée en date du 27/10/2009; dûment revêtu de sa forme executoire en datre du 03/12/2009; signifié en la forme en date du 16/12/2009 portant la ref **/**.Je ne comprends pas ce qui m'arrive car je pensais réellement avoir apuré l'ensemble de mes dettes; de plus je n'ai jamais eu connaissance de ce jugement à mon encontre.Sur les (mauvais) conseils de membre du forum pasd'****; je décide de ne pas tenir compte de ce courrier car le huissier en question est hors de sa compétence territoriale ( Il est du département 62 et moi 59).Le 03 Aout 2017; je reçois dans ma boîte aux lettres un avis de passage afin que j'aille chercher à son étude une Signification.Sur place; je donne ma piece d'identité et on me remet une Signification de cession de créance avec commandement de payer au fins de saisie vente.Dans ce document; on m'explique que CREDIREC s'est porté acquéreur de ma dette le 15/03/2013 et que dorénavant j'avais l'interdiction totale de rembourser Monabanq.De même ; le détail des sommes "dues" sur ce document deviennent completement folles ! environ 10 000 Euros dont la moitié sont des intérêts! (Les inétets prescrits ont bien été déduits.)Voila en gros ce qui me tombe sur la tête; et je ne sais plus quoi faire.Je ne suis pas en mesure de débourser une telle somme et aprs contact téléphonique avec l'étude Marcotte et ruffin; ces dernier refusent tout echelonnement de la dette.J'ai quelques question concernant mon problème :1/La procédure en question ne m'a jamais été signifié à personne; visiblement le huissier aurait un PV de vaines recherches (Je n'habitais effectivement plus à cette adresse depuis plus d'un an).Puis je tout de même faire opposition à ce jugement sachant que la seule signifcation à personne qui a été faire dans ce dossier remonte au 03/08/2017 ?2/Quelle pourrait être la marge de négociation avec l'étude de huissier ? sachant que Crédirec a vraisemblablement payé ma dette entre 5 et 10% du montant initial soit à peine 500 Euros (Aujourd'hui ils m'en réclament 10 000 !)3/Est ce normal que la cession de ma créance datant de 2013 me soit signifié que 4 ans après ???3/Peut on bloquer/saisir mon compte; sachant qu'il s'agit d'un compte joint et que mon salaire ainsi que celui de ma concubine y sont versés ?4/ Ne serais ce pas du bluff tout ca ? Sachant que mes autres créanciers m'ont tous retrouvé par la voie d'huissiers de justice et ont tous pu me signifier les titres executoires à personne .J'ai donc pu payer ce que je devais.Ce qui me chagrine le plus ; ce n'est pas la dette en elle même; si elle est dûe; elle est dûe...Encore que ca me gène de payer plein pot cette dette à une société de *** qui l'a payé une bouchée de pain.Non ; ce qui me gène vraiment; c'est que si l'huissier d'origine avait fait son travail en 2009; j'aurai été au courant de cette histoire et j'aurai pu payer petit à petit...Aujourd'hui je me retrouve avec des interets énormes !Merci pour vos avis et conseils.Désolé pour ce pavé; j'ai essayé d'être le plus précis possible.Kaporal
website,BPCE,2017-08-08,un forum a tout de même ses limites; vous avez bien vu via vos expériences (malheureuses) passées..ne tentez pas  de réitérer ces expériences...ne pouvez vous pas prendre contact avec un avocat ou quelqu'un dans ce style ? une personne qui après étude de votre dossier complet pourra vous répondre de façon claire et précise ?..
website,BPCE,2017-08-08,A vrai dire; je comptais avoir l'avis de membres du forum ayant déjà eu ce genre de cas ou alors l'aide de membre du forum juristes. En ce qui concerne l'avocat; je n'ai pas le droit à l'aide juridictionnelle et je n'ai actuellement pad les moyens de payer ses honoraires. Et dire que la justice est censée être gratuite; égalitaire et  indépendante en France...
website,BPCE,2017-09-10,S'ils ont revendu la dette; c'est que probablement elle était déjà prescrite. Normalement ils ne revendent pas des dettes si elles sont récupérables; ça c'est sûr. Puis ces gens là qui rachètent harcèlent les personnes; beaucoup paient par peur.Pour la formule exécutoire; appeler le tribunal qui l'a émise de façon à savoir si elle existe et depuis quand.Si le jugement a été prononcé une fois la dette prescrite; je pense qu'il n'y a aucune valeur.Certains avocats font payer une consultation; entre 30 et 50€; juste pour donner leur avis et vous donner une conduite à suivre; ça peut valoir la peine. Certaines mairies ou associations disposent d'avocats à consultation gratuite.Avez-vous le titre exécutoire? Le jugement? Quand a été contracté cette dette?
website,BPCE,2017-09-04,Forum 60 millions de consommateurs  Consulter le sujet - Crédit non payé par ex BonjourJe me tourne vers vous pour essayé d'avoir des réponses à mes questions.Je suis divorcée; et les biens ont été liquidés. Mon ex a la charge d'un crédit dont je suis co empruntrice.Bien sûr; impossible de me dedolidariser.Monsieur ne l'a pas payé le mois dernier et bien entendu; la société de crédit me téléphone pour réclamer leur dû.Seulement voila;est il normal que cette société me contacte uniquement quand il y'a un problème?Ils savent que nous sommes divorcés; mais ne m'envoi aucun courrier annuel pour m'informer du restant dû; refuse de me communiquer des informations sur le crédit car je ne suis pas l'empruntrice. J'ai eu besoin d'un papier de leur part; ils ont refusé de l'envoyer à mon adresse.Par contre; en cas de pépin c'est moi qui suis harcelée.Ne puis je pas jouer la dessus pour me sortir de ce Crédit?Et sinon; comment me retourner contre mon ex ?Merci d'avance pour vos reponses
website,BPCE,2017-09-09,Et oui; c'est normal...Au divorce; qu'est-ce que le juge a dit sur ce crédit? Normalement les crédits au nom des deux c'est 50/50.Et vous êtes co-empruntrice; ça veut dire qu'ils peuvent se retourner contre vous si votre ex ne paie pas. C'est; d'ailleurs; le but de l'être.... ça facilite l'accès au crédit car au lieu d'avoir 1 personne comme payant; il y en a 2.Ils ne vous envoient pas; car c'est au nom des deux. VOus avez le droit de demander toutes les informations concernant ce crédit; de la même façon qu'ils ont le droit de vous demander de payer. Un co-emprunteur signe le crédit conjointement avec l'emprunteur; les deux sont responsables de celui-ci.Faudra leur rappeler:Le co emprunteur (en général le conjoint ou le concubin) est une personne qui souscrit un crédit immobilier conjointement avec l'emprunteur.ll signe le contrat de prêt; est soumis aux mêmes droits et obligations contractuelles et participe solidairement au remboursement du prêt.Et non; vous ne pouvez pas sortir du crédit; ce n'est pas parce qu'ils refusent de vous donner des informations que vous pouvez vous désolidariser de ce crédit... ça serait trop facile; sinon... à vous de leur rappeler vos droits.Et vous ne pouvez pas vous retourner contre votre ex; à moins que le juge aie décidé autrement au moment du divorce (que lui était seul responsable du crédit. S'il a décidé 50-50 et que vous n'avez pas payé votre 50; votre ex peut se retourner contre vous. S'il n'a rien décidé; et bien; si votre ex décide de ne plus payer et que la banque vous saisi que vous; vous ne pouvez pas vous retourner contre qui que ce soit; c'est leur droit. Vous êtes bien co empruntrice!)Si le juge lors du divorce a décidé que votre ex serait seul responsable pour cette dette; alors il vous faudra lui exiger ce que vous avez payé à sa place. Et s'il refuse; faudra l'emmener à tribunal...
website,BPCE,2017-09-06,Forum 60 millions de consommateurs  Consulter le sujet - La CECAZ perd un gros chèque!!! Bonjour;Je voudrais pousser un coup de gueule et dénoncer une faute majeure de la part de la caisse d’épargne Côte d’Azur. Ils ont perdu un chèque de 239 000 euros et considèrent qu’il n’y a eu aucun manquement et que ce « désagrément »; né de leur négligence;  ne peut entrainer le versement de dommage et intérêts. Le Médiateur; Monsieur C. BL. a rendu sa décision et nous a débouté de notre demande. Son arbitrage; malgré ma relance; reste irrévocable.Je voulais donc vous informer et informer les médias et suis désireux d’avoir  vos avis.Voici la chronologie des faits; je dispose bien entendu de toutes les preuves écrites; mails et courriers; concernant cette affaire.J’ai contracté un crédit immobilier à ma nouvelle caisse d’épargne à Istres (changement de région suite à un déménagement)  de façon à rembourser  la totalité de mon prêt; l’agence de Toulon m’ayant fait une offre de rachat inintéressante.Mon crédit accepté; un chèque de banque de 239 451;48 € a été émis de la caisse d’épargne de CEPAC agence de Istres  vers la caisse d’épargne CECAZ; agence de Toulon;  le 02 mai 2017. A savoir; ce montant correspondait au capital restant dû calculé au 05 février 2017 additionné des indemnités de remboursements anticipé correspondantes d’un montant de 3971;46 €.Ce chèque de Banque de la Caisse D’épargne CEPAC relatif à cette opération a été perdu par l’agence de Toulon.Personne ne s’est inquiété; sinon moi bien sûr dans le sens ou mes mensualités étaient toujours prélevé. J’ai donc relancé mon gestionnaire de compte par téléphone et par écrit le 07 juin soit 36 jours après l’émission du chèque et là; surprise !!! Personne ne sait !!!Imaginez notre angoisse; notre inquiétude... Nous avons décidé de reporter notre semaine de congés de façon à gérer et suivre cet imprévu où je dirais cette entorse à la logique ou une Banque perd un chèque de Banque…Enfin; il a fallu jongler de standard en standard; de plateforme en plateforme; rédiger des mails; faire rééditer un chèque de banque pour que la situation se stabilise le 16 juin.La situation financière a bien été rétablie mais le préjudice moral est bien là. Nous n’avons jamais eût de lettre ou de mots d’excuses et le médiateur nous a débouté définitivement alors que je ne demandais qu’un geste commercial correspondant au montant des IRA que nous avons versés soit un peu moins de 4000 euros; et ce pour couvrir le préjudice moral et psychologique.Je trouve la situation injuste et regrettable; d’autant que notre gestionnaire nous avait adressé un mail le 16 mai nous indiquant un remboursement rétroactif au 05/02/2017.Singulièrement; nous restons les seuls affectés et avons perdu toute confiance en cette banque. Peut-être pouvez-vous nous dire ce que vous pensez de cette situation et si nous devons faire appel à la justice pour qu’enfin; la CECAZ reconnaissent ses torts et répare ce préjudice qui nous pèse.Merci d’avance pour vos réponses.Bien cordialementJean-Mi
website,BPCE,2017-09-07,Vous avez essayé de voir avec un avocat ce que cela peut donner en justice?
website,BPCE,2017-09-08,Bonjour;Non; je n'ai pas; à l'heure actuelle; contacté d'avocat. J'espérait plus une solution amiable.Avant de faire appel à la justice; j'aurais voulu avoir quelques avis de façon à évaluer les chances que ce préjudice soit couvert.Merci pour vos commentaires.Bien à vous
